{
    "MAE": 315.57435447923467,
    "RMSE": 424.8716647917533,
    "R^2": 0.5700670896678699
}